-- ─── Genres ───────────────────────────────────────────────────────────────────
INSERT INTO genres (id, name, slug)
VALUES ('11111111-0000-0000-0000-000000000001', 'Классика', 'klassika'),
       ('11111111-0000-0000-0000-000000000002', 'Фантастика', 'fantastika'),
       ('11111111-0000-0000-0000-000000000003', 'Детектив', 'detektiv'),
       ('11111111-0000-0000-0000-000000000004', 'История', 'istoriya'),
       ('11111111-0000-0000-0000-000000000005', 'Казахская проза', 'kazakhskaya-proza');

-- ─── Authors ──────────────────────────────────────────────────────────────────
INSERT INTO authors (id, name, bio, birth_date)
VALUES ('22222222-0000-0000-0000-000000000001', 'Лев Толстой', 'Русский писатель, один из величайших романистов мира.',
        '1828-09-09'),
       ('22222222-0000-0000-0000-000000000002', 'Фёдор Достоевский', 'Русский писатель, мыслитель и философ.',
        '1821-11-11'),
       ('22222222-0000-0000-0000-000000000003', 'Мухтар Ауэзов',
        'Казахский советский писатель, автор эпопеи Путь Абая.', '1897-09-28'),
       ('22222222-0000-0000-0000-000000000004', 'Айзек Азимов', 'Американский писатель-фантаст, популяризатор науки.',
        '1920-01-02'),
       ('22222222-0000-0000-0000-000000000005', 'Артур Конан Дойл', 'Британский писатель, создатель Шерлока Холмса.',
        '1859-05-22');

-- ─── Books ────────────────────────────────────────────────────────────────────
INSERT INTO books (id, author_id, genre_id, title, isbn, description, language, year)
VALUES ('33333333-0000-0000-0000-000000000001',
        '22222222-0000-0000-0000-000000000001',
        '11111111-0000-0000-0000-000000000001',
        'Война и мир',
        '978-5-17-118603-0',
        'Роман-эпопея, описывающий события войны 1812 года.',
        'ru', 1869),
       ('33333333-0000-0000-0000-000000000002',
        '22222222-0000-0000-0000-000000000002',
        '11111111-0000-0000-0000-000000000001',
        'Преступление и наказание',
        '978-5-17-118604-7',
        'Психологический роман о студенте Раскольникове.',
        'ru', 1866),
       ('33333333-0000-0000-0000-000000000003',
        '22222222-0000-0000-0000-000000000003',
        '11111111-0000-0000-0000-000000000005',
        'Путь Абая',
        '978-601-7885-01-2',
        'Эпопея о жизни великого казахского поэта Абая Кунанбаева.',
        'ru', 1942),
       ('33333333-0000-0000-0000-000000000004',
        '22222222-0000-0000-0000-000000000004',
        '11111111-0000-0000-0000-000000000002',
        'Основание',
        '978-5-17-118605-4',
        'Научно-фантастический роман о падении Галактической Империи.',
        'ru', 1951),
       ('33333333-0000-0000-0000-000000000005',
        '22222222-0000-0000-0000-000000000005',
        '11111111-0000-0000-0000-000000000003',
        'Собака Баскервилей',
        '978-5-17-118606-1',
        'Детективный роман о расследовании Шерлока Холмса.',
        'ru', 1902);

-- ─── Libraries ────────────────────────────────────────────────────────────────
INSERT INTO libraries (id, name, address, lat, lng, phone)
VALUES ('44444444-0000-0000-0000-000000000001',
        'Национальная библиотека Казахстана',
        'пр. Абая 14, Алматы',
        43.2220, 76.8512,
        '+7 727 272 02 02'),
       ('44444444-0000-0000-0000-000000000002',
        'Библиотека имени Пушкина',
        'ул. Карасай Батыра 123, Алматы',
        43.2567, 76.9286,
        '+7 727 233 12 34');

-- ─── Library books ────────────────────────────────────────────────────────────
INSERT INTO library_books (id, library_id, book_id, total_copies, available_copies)
VALUES ('55555555-0000-0000-0000-000000000001', '44444444-0000-0000-0000-000000000001',
        '33333333-0000-0000-0000-000000000001', 5, 5),
       ('55555555-0000-0000-0000-000000000002', '44444444-0000-0000-0000-000000000001',
        '33333333-0000-0000-0000-000000000002', 3, 3),
       ('55555555-0000-0000-0000-000000000003', '44444444-0000-0000-0000-000000000001',
        '33333333-0000-0000-0000-000000000003', 7, 7),
       ('55555555-0000-0000-0000-000000000004', '44444444-0000-0000-0000-000000000002',
        '33333333-0000-0000-0000-000000000004', 4, 4),
       ('55555555-0000-0000-0000-000000000005', '44444444-0000-0000-0000-000000000002',
        '33333333-0000-0000-0000-000000000005', 6, 6);

-- ─── Users ────────────────────────────────────────────────────────────────────
-- Тестовые пользователи (только для demo/dev среды).
-- Смените пароли через API после первого запуска в production.
INSERT INTO users (id, email, phone, password_hash, full_name, role, library_id, qr_code)
VALUES ('66666666-0000-0000-0000-000000000001',
        'admin@oqyrman.kz',
        '+77001110001',
        '$2a$10$pkuCyarRqZadZxgKs8LoCuf6zWGS.ZlFkv5Jpo.MNNTlyOuMVKrxq',
        'Главный Администратор',
        'Admin',
        NULL,
        '66666666-0000-0000-0000-000000000001'),
       ('66666666-0000-0000-0000-000000000002',
        'staff1@oqyrman.kz',
        '+77001110002',
        '$2a$10$92IXUNpkjO0rOQ5byMi.Ye4oKoEa3Ro9llC/.og/at2.uheWG/igi',
        'Сотрудник Национальной Библиотеки',
        'Staff',
        '44444444-0000-0000-0000-000000000001',
        '66666666-0000-0000-0000-000000000002'),
       ('66666666-0000-0000-0000-000000000003',
        'staff2@oqyrman.kz',
        '+77001110003',
        '$2a$10$92IXUNpkjO0rOQ5byMi.Ye4oKoEa3Ro9llC/.og/at2.uheWG/igi',
        'Сотрудник Библиотеки Пушкина',
        'Staff',
        '44444444-0000-0000-0000-000000000002',
        '66666666-0000-0000-0000-000000000003'),
       ('66666666-0000-0000-0000-000000000004',
        'user1@oqyrman.kz',
        '+77001110004',
        '$2a$10$92IXUNpkjO0rOQ5byMi.Ye4oKoEa3Ro9llC/.og/at2.uheWG/igi',
        'Айдар Сейткали',
        'User',
        NULL,
        '66666666-0000-0000-0000-000000000004'),
       ('66666666-0000-0000-0000-000000000005',
        'user2@oqyrman.kz',
        '+77001110005',
        '$2a$10$92IXUNpkjO0rOQ5byMi.Ye4oKoEa3Ro9llC/.og/at2.uheWG/igi',
        'Динара Касымова',
        'User',
        NULL,
        '66666666-0000-0000-0000-000000000005');